{"results/validate.bin": 0.40625, "results/train.bin": 0.400390625}